query id,cosine recall,euclidean recall,cosine precision,euclidean precision,cosine f-measure,euclidean f-measure,cosine similarity results,euclidean similarity results
1,0.1724137931034483,0.034482758620689655,0.3333333333333333,0.06666666666666667,0.22727272727272724,0.045454545454545456,"[ 429   12   13  184   51  792  114 1063  578  430  486 1111  435  100
  359]","[ 995  471  429  670 1045  507  320  382    3  405  875  533  854 1152
  607]"
2,0.16,0.0,0.6,0.0,0.2,0.0,"[  12  578   51  429  792  588  746  114 1063 1042  430  100  285  884
 1111]","[ 471  995  429  670 1045  507  320  875  854  382  405    3  607  533
 1152]"
3,0.5555555555555556,0.2222222222222222,0.9333333333333333,0.13333333333333333,0.4166666666666667,0.16666666666666669,"[ 181    5  144  485  399  542  707  159  350  554  980 1073  872  623
  509]","[ 995  471  670  507 1045  320  382  854  485  405    3  533  181 1152
  607]"
4,1.0,0.0,1.1333333333333333,0.0,0.33333333333333337,0.0,"[ 317  236  166  185  575 1286  378 1077  975 1312  110  169  437 1374
  488]","[ 995  471  507 1045  670  320  382    3  405  854  533  607 1152  619
  429]"
5,0.2,0.0,1.2,0.0,0.1,0.0,"[ 103  360   26  573 1158  568  327 1002 1374 1299 1272  540  401  359
  708]","[ 995  471  670  507 1045  320  382  405    3  854  533  607 1152  429
  619]"
6,0.0,0.0,1.2,0.0,0.0,0.0,"[ 775  984   97  222  544  379  927  404   84  439 1081  498  660 1275
  372]","[ 471  995  507 1045    3  670  382  607  320  405 1146  854  533  137
 1152]"
7,0.3333333333333333,0.16666666666666666,1.3333333333333333,0.06666666666666667,0.19047619047619044,0.09523809523809522,"[ 492 1231 1347   56  354  947  122   32  189   48  248  197 1186  711
  225]","[ 995  471  492  507 1045  670    3  320  382  405  533  854  607 1152
  619]"
8,0.4166666666666667,0.0,1.6666666666666665,0.0,0.3703703703703704,0.0,"[ 492  122 1179 1347  947 1231  711 1112  354  197 1186  907   32  160
  461]","[ 995  471  670 1045  507  320  382    3  405  533  854 1152  607  429
  875]"
9,0.75,0.0,1.8666666666666665,0.0,0.31578947368421056,0.0,[550 872 398  21 873 564 303 120  45 283 623 306 102  22 387],"[ 471  995  670  507    3  382 1045  607  320 1152  405  875  854  533
  429]"
10,0.3333333333333333,0.1111111111111111,2.0666666666666664,0.06666666666666667,0.25,0.08333333333333334,"[ 302 1199  185 1286  493  355  405  691 1214 1009 1003  635  169  949
 1143]","[ 471  995  405 1045  507  320  670  382  533    3  854  607 1152  875
  619]"
11,0.25,0.0,2.1999999999999997,0.0,0.1739130434782609,0.0,"[ 320   28  654   64 1389 1148 1108  264  273  155  201 1356 1370 1382
 1208]","[ 995  471  320  507 1045 1152  670  382  533  405    3  854  607  322
  875]"
12,0.3333333333333333,0.0,2.333333333333333,0.0,0.19047619047619044,0.0,"[ 624  775 1223  379   86 1209  602   97  404   34 1222  498  660 1144
 1275]","[ 995  471  507    3  382 1045  607  670  320  405  137  533  854 1152
  875]"
13,0.2,0.0,2.4,0.0,0.1,0.0,"[ 496  643  440  503  468  526  469  879  199  660  780 1290  880  312
  801]","[ 995  471  507 1045  320  670  382    3  405  854  533  607 1152  879
  429]"
14,0.3333333333333333,0.0,2.466666666666667,0.0,0.1111111111111111,0.0,"[  64  256  190  170 1364 1389 1156 1203  439 1319  132 1313 1274  345
 1157]","[ 471  995 1045  507  670  320  382  533  405    3  875  854  607 1152
  137]"
15,0.3333333333333333,0.0,2.5333333333333337,0.0,0.1111111111111111,0.0,"[ 463 1025  949 1097 1099 1096  542 1117  586  259   82 1340  761 1199
  553]","[ 995  471 1045  507  670  405  320  382    3  854  533 1152  607  875
  619]"
16,0.75,0.0,2.733333333333334,0.0,0.31578947368421056,0.0,"[ 106  498  803 1301  927 1112  494 1239  326 1255  775  360  196   97
  188]","[ 471  995  507  670    3 1045  382  607  320  405  854  533  920 1152
  619]"
17,0.6666666666666666,0.0,2.866666666666667,0.0,0.2222222222222222,0.0,"[ 700 1301  106 1281    2  404  410 1108  775  148 1206  498  527  987
  284]","[ 995  471  320  507    3  670  382 1045  533  607  405  322  854 1276
  920]"
18,0.5,0.0,3.0000000000000004,0.0,0.2105263157894737,0.0,"[ 248  498   56  492 1005  154 1006  688  197 1214   19  372  234 1074
  971]","[ 471  995 1045  670  507    3  320  382  405  533  854  137  286  607
 1146]"
19,0.0,0.0,3.0000000000000004,0.0,0.0,0.0,"[1279  442 1337  660  799  503   40 1346 1093  297  448  326  550  594
   85]","[ 995  471 1045  507  670  320  382    3  405  875  533  854 1152 1146
  607]"
20,0.6,0.0,3.4000000000000004,0.0,0.48,0.0,"[ 500   88  268  270  158  104  300  123   87  981  837  358 1391  970
  456]","[ 471  995  320 1045  507  670  382    3  405  854  533  607  286 1152
  137]"
21,0.2,0.2,3.4666666666666672,0.06666666666666667,0.1,0.1,"[ 502   68  302  355  635  628  686 1199   96 1007 1004  621  411  866
  377]","[ 995  471 1045  670  507  320  405  382  533    3  854  607  502 1152
  875]"
22,0.0,0.0,3.4666666666666672,0.0,0.0,0.0,"[ 348  140  413  560  125  254  165    9  346   66 1147   16  547 1235
  861]","[ 995  471 1045  507  670  320  382    3  405  854  533  137  607 1152
  322]"
23,0.15151515151515152,0.0,3.8000000000000007,0.0,0.20833333333333331,0.0,"[ 892 1109  718  586 1259  903 1103   11  902  753  185  879  906  804
   28]","[ 995  471 1045  507  670  320  382  405    3  533  854 1152  607  429
  875]"
24,0.0,0.0,3.8000000000000007,0.0,0.0,0.0,"[1317 1025 1034   88  981  399 1022  837 1242 1016  268 1019 1332  548
  374]","[ 995  471 1045  507  670  320  382    3  405  533  854  607 1152  619
  875]"
25,0.3,0.0,4.000000000000001,0.0,0.24,0.0,"[ 216  277   97  775  989 1222  988  404  179  278  124  186  427  984
 1267]","[ 995  471  507    3 1045  382  670  607  320  920  405  429  854  533
 1146]"
26,0.14285714285714285,0.0,4.066666666666667,0.0,0.09090909090909091,0.0,"[   4  382    3  629 1282  309 1182  376  310   23  180  306  664  375
  135]","[ 995  471  382    3  507  320  607 1045  670  322   21  854  405  533
  920]"
27,0.25,0.0,4.133333333333334,0.0,0.10526315789473685,0.0,"[1176 1031  752 1178  367  921  250   27  676 1124  737  680 1129  247
  512]","[ 471  995 1045  382  507  320  670    3  405  533  429 1176  854 1152
  607]"
28,0.0,0.0,4.133333333333334,0.0,0.0,0.0,"[ 367  752  921  250   27  676 1048  677  232 1075 1050  919  801  451
  834]","[ 471  995 1045  507  670  320  382  405    3  533  429  854  607 1152
  875]"
29,0.5,0.0,4.466666666666667,0.0,0.4,0.0,[465 612 420 211  26 900 464 146 222 797 513 526 439 779 514],"[ 471  995  507    3 1045  382  320  607  670  533  405  854 1152  286
  429]"
30,0.125,0.0,4.533333333333333,0.0,0.08695652173913045,0.0,[464 465 921 779 633 420 775 147  97 901 494 545 222 379 404],"[ 995  471  507    3 1045  382  320  670  607  405  854  875  533 1152
  619]"
31,0.0,0.0,4.533333333333333,0.0,0.0,0.0,"[ 247  916  749 1247  918 1112 1320  712  919 1341  433  424  698  551
  229]","[ 471  995  670  320  382  507 1045    3  920  533  854  405  607 1152
  286]"
32,0.14285714285714285,0.0,4.6,0.0,0.09090909090909091,0.0,"[ 737  752  160  382  192  801  273  921  990 1197  599  985 1365  307
 1112]","[ 995  471  382 1045  507  670  320    3  405  854  533 1152  607  429
  875]"
33,1.0,0.0,4.866666666666666,0.0,0.4210526315789474,0.0,"[ 516  141  431  594 1155 1153  608  808 1066  252  812 1004  598  755
  791]","[ 471  995  670 1045  507  320  382  405    3  795  533  854  429  875
 1306]"
34,0.7142857142857143,0.0,5.199999999999999,0.0,0.4545454545454545,0.0,"[ 799  598  795 1153  594  610  431  516  252 1350  714  809 1062  876
  602]","[ 995  471 1045  507  670  320  382  405    3  429  854  533  875  795
  607]"
35,0.0,0.0,5.199999999999999,0.0,0.0,0.0,"[1208   64 1389  319  875  256  654   75   39 1156  439 1327 1244 1203
 1220]","[ 471  995  507 1045  320  670  875  382    3  405  854  533 1152  607
  429]"
36,0.0,0.0,5.199999999999999,0.0,0.0,0.0,"[ 550  283  623  564  661  120 1213  398  554  873  303  145  347  559
  566]","[ 995  471  670 1045  507  320  382    3  405  875  854  533  281 1152
  607]"
37,0.5,0.0,5.533333333333332,0.0,0.4,0.0,"[ 186  176  189  282  409  173  979  891  487  174  519 1352 1306  242
  431]","[ 471  995  507 1045    3  670  320  382  405  533  854 1306 1152 1146
  607]"
38,0.09090909090909091,0.0,5.599999999999999,0.0,0.07692307692307691,0.0,"[ 976  360 1112 1239  433  536 1373 1205 1179 1264  432 1211  803  154
   25]","[ 471  995  670 1045  507  320  382    3 1152  405  854  533  607  429
  875]"
39,0.14285714285714285,0.0,5.7333333333333325,0.0,0.1379310344827586,0.0,"[1154  272  406  315 1149 1278  959 1205 1264   43  418  344 1268 1301
    7]","[ 471  995    3  320  382 1045  507  670  854  405  607  533 1152  429
  875]"
40,0.15384615384615385,0.0,5.866666666666666,0.0,0.14285714285714288,0.0,"[1205   37 1264  505  418   43  568  272  360   40   26   41  315 1278
  536]","[ 995  471  670  507 1045  320  382  405    3 1152  533  854  607  429
  875]"
41,0.5,0.0,6.0,0.0,0.2105263157894737,0.0,"[1340  289  432 1091  874 1243 1090  752   60  205 1170  877  803  433
  696]","[ 471  995  507 1045  670  320    3  382  405  854  533  920 1152  607
  619]"
42,0.5,0.0,6.2,0.0,0.28571428571428575,0.0,"[ 526  521  503  468  469  440  797  439  900 1228   26  902  496 1267
  404]","[ 471  995  507    3 1045  382  320  607  670  879  405  533  854  920
 1152]"
43,0.8571428571428571,0.0,6.6000000000000005,0.0,0.5454545454545455,0.0,"[ 469  404   39  503  526  468  990  379  775 1182  984  521  439  160
    3]","[ 995  471    3  507  670 1045  382  320  607  405  533  854 1152  322
  875]"
44,0.0,0.0,6.6000000000000005,0.0,0.0,0.0,"[  27  232  752 1048  921 1174  801  826  680 1075  676  951  390 1028
  634]","[ 471  995 1045  507  670  405  320  382    3  920  854  533  223 1152
  607]"
45,0.23076923076923078,0.0,6.800000000000001,0.0,0.21428571428571427,0.0,"[ 305  525  353  123 1185  133   84  623  584  873   49  274  675  344
  983]","[ 995  471  670  507 1045  320  382    3  405  533  854 1152  607  286
  619]"
46,0.375,0.0,7.200000000000001,0.0,0.38709677419354843,0.0,"[ 123  623  353  525  873   84 1185  305  872  398  120  564   49  303
   81]","[ 995  471  670  507    3  382 1045  320  607  405  854  485  533  286
 1152]"
47,0.4,0.0,7.600000000000001,0.0,0.4000000000000001,0.0,"[ 327  663 1200  568  525  308  570  310  305  260  180 1253  104  573
  537]","[ 995  471  382    3  670 1045  507  320  405  854  533 1152  607  619
  853]"
48,0.25,0.0,7.800000000000002,0.0,0.22222222222222224,0.0,"[ 526  797  334  683   26  902  440  521  707  900 1228  655 1251  420
  793]","[ 471  995  507 1045  320  670  382  405    3  854  879  533  607 1152
  875]"
49,1.0,0.6666666666666666,8.000000000000002,0.13333333333333333,0.33333333333333337,0.2222222222222222,"[ 320  527  366  478  734 1235  899 1154  731   72  349  365 1383  255
   24]","[ 471  995  320    3  854  382  322 1045  533  507  607  670  405  478
  286]"
50,0.14285714285714285,0.0,8.066666666666668,0.0,0.09090909090909091,0.0,"[1154  326 1301 1149   27  406  992  349 1268  192  161  664  142  798
  435]","[ 471  995    3  320 1045  382  507  670  854  405  607  533  875 1152
  429]"
51,0.18181818181818182,0.0,8.200000000000001,0.0,0.15384615384615383,0.0,"[1301 1154  498  629 1149    4    3   23  406   97   36 1310 1182  798
  135]","[ 471  995    3  382  507  320  607 1045  670  854  405  533  322 1152
  286]"
52,0.4,0.2,8.333333333333334,0.06666666666666667,0.2,0.1,"[1215 1142   21  326    4  671 1225 1383  899   24  629  376   72   94
  324]","[ 995  471    3  382  320 1045  507  670  854  286  607  405   21  533
  322]"
53,0.09090909090909091,0.0,8.4,0.0,0.07692307692307691,0.0,"[1273  775  625 1239  665  531  803  407 1391  456 1112  269   61   18
 1222]","[ 471  995  507    3  670  382 1045  607  320  405  854  533 1146 1152
  875]"
54,0.2,0.0,8.533333333333333,0.0,0.16,0.0,"[ 123  554  564  623   84 1213  873  525  120  398 1185  305  145  524
  651]","[ 995  471  670 1045  507  320  382    3  405  533  854  339 1152  607
  875]"
55,0.36363636363636365,0.0,8.8,0.0,0.30769230769230765,0.0,"[1154   17  406  460 1149  135  377  376   16  959  344  798 1301 1225
    4]","[ 471  995  382  507    3  320 1045  854  670  607  405  533  322 1152
  619]"
56,0.36363636363636365,0.0,9.066666666666668,0.0,0.30769230769230765,0.0,"[ 753  391  202   14  783 1339  856  878 1275  441  749  675  390  658
 1338]","[ 995  471 1045  670  507  320  382    3  137  405  533  854 1152  607
  879]"
57,0.2,0.0,9.266666666666667,0.0,0.20000000000000004,0.0,"[1275  753 1081  472  310  444  660  380 1273  379   97  309  202  775
 1084]","[ 471  995  507    3 1045  382  670  607  320  405  854  533 1084 1152
  879]"
58,0.2,0.1,9.4,0.06666666666666667,0.16,0.08,"[ 754 1359 1084  120  509  524  873  387  270  787  566 1283 1328  842
  872]","[ 995  471 1045  507  670  533  382  320    3 1084  405 1146  854  607
 1152]"
59,0.0,0.0,9.4,0.0,0.0,0.0,"[ 671 1383  899   24  376  458   72  335 1225    3  457  134 1154  255
 1365]","[ 995  471    3  382  320  507 1045  670  854  607  405  533  339  322
 1152]"
60,0.5,0.3333333333333333,9.6,0.13333333333333333,0.28571428571428575,0.19047619047619044,"[ 320  322  527  730  321  264  410  831 1265 1148  732 1083  404  561
  107]","[ 471  995  320  322  507  533 1045  670    3  382  281  405  854  619
 1152]"
61,0.5,0.0,9.799999999999999,0.0,0.28571428571428575,0.0,"[ 566  539  944  564  435 1191  789  787  283 1213  754   23  785  912
  120]","[ 995  471  382  670  507 1045  854  320    3  405  533  286 1146 1152
  607]"
62,0.0,0.0,9.799999999999999,0.0,0.0,0.0,"[ 381 1383  382  105  785  148  629  459  787  912   23    3  255 1182
  272]","[ 471  995  382    3  320  507  607 1045  670  322  854  533  405  339
  485]"
63,0.0,0.0,9.799999999999999,0.0,0.0,0.0,"[1045  839  186  411  763  891 1118 1133 1359 1116 1156 1046 1119  971
  282]","[ 995  471 1045  670  507    3  320  382  533 1146  405  854  607 1152
  429]"
64,0.3333333333333333,0.0,9.866666666666665,0.0,0.1111111111111111,0.0,"[ 202  856 1204  878  391   52   15  905 1008  815  239  827  893 1234
 1339]","[ 471  995 1045  507  670  320  533  382    3  405  854  607 1152  920
  429]"
65,0.5,0.0625,10.399999999999999,0.06666666666666667,0.5161290322580646,0.06451612903225808,"[   3    4  393  629  388    2  309  664  310 1282  180 1225  375  326
 1182]","[ 471  995    3  382  507  607  320  854 1045  670  322  405  533   21
 1152]"
66,0.3333333333333333,0.0,10.533333333333331,0.0,0.19047619047619044,0.0,"[ 375    2  310   34  128  629  404 1182  393  116   97 1072  484  379
  660]","[ 995  471  320    3  507  382 1045  670  607  854  533  322  405  920
 1152]"
67,0.5333333333333333,0.06666666666666667,11.066666666666665,0.06666666666666667,0.5333333333333333,0.06666666666666667,"[   3    4  393  629    2  309  664  310 1282  180  458  375  388 1182
   21]","[ 995  471    3  382  507  607  320 1045  854  670  405  322  533   21
  339]"
68,0.16666666666666666,0.0,11.133333333333331,0.0,0.09523809523809522,0.0,"[ 594   60  493 1266 1333  609  878  480  374 1323 1214 1161  628  248
  237]","[ 995  471  507 1045  670  320  382  405    3  854  533 1152  607  875
  429]"
69,0.16666666666666666,0.0,11.199999999999998,0.0,0.09523809523809522,0.0,"[ 365  300  479 1193 1383  478  671    4  565 1154 1138 1322  333   62
  292]","[ 471  995  320    3  507 1045  382  670  854  607  405  533 1152  875
  429]"
70,0.36363636363636365,0.0,11.466666666666665,0.0,0.30769230769230765,0.0,"[ 300    4   24  570    3  376  540   62   72 1383  899  479  180 1260
  349]","[ 995  471    3  320  382  854 1045  507  670  853  405  607  533  339
  322]"
71,0.2222222222222222,0.0,11.599999999999998,0.0,0.16666666666666669,0.0,"[ 573 1253  525 1299  540   63  544  572  935 1395  345  568  823  537
 1214]","[ 471  995  670 1045  507  320  382  619    3 1146  286  405  533  854
 1152]"
72,0.1111111111111111,0.0,11.73333333333333,0.0,0.1212121212121212,0.0,"[ 663  285  941  238  193  347   53  430 1300  687  571  975  139 1338
  315]","[ 995  471  670 1045  507  320  382  429 1152    3  405  223  238  533
  854]"
73,0.23809523809523808,0.0,12.066666666666665,0.0,0.2777777777777778,0.0,"[ 332  573  541  373  577 1002   26 1310  488  360 1142  688  517  318
  574]","[ 995  471  670  507 1045  320  382    3  405  137  854  533  607  286
 1152]"
74,0.0,0.0,12.066666666666665,0.0,0.0,0.0,"[1153  431   26  904 1155  183  423  594  186  516  636   76  556  358
  573]","[ 471  995  670 1045  507    3  320  382  405  854  533  607 1152  619
  429]"
75,0.16666666666666666,0.16666666666666666,12.133333333333331,0.06666666666666667,0.09523809523809522,0.09523809523809522,"[1393  559 1395  283  564  324 1161  524  438  387 1099  366   55  983
  962]","[ 471  995  670  320 1045  507  533  382  405    3  854 1152  607  429
  619]"
76,0.375,0.125,12.33333333333333,0.06666666666666667,0.26086956521739135,0.08695652173913045,"[ 329  667 1158  630 1157 1313   50   71  474  334 1364  570  604  170
  568]","[ 995  471  670    3  382  507 1045  320  533  405  854  607  322 1152
  429]"
77,0.42857142857142855,0.14285714285714285,12.53333333333333,0.06666666666666667,0.27272727272727276,0.09090909090909091,"[ 329  667 1364 1263  572  335 1257 1394  309  134  668 1395   71 1244
 1264]","[ 995  471    3  670  382 1045  507  320  533  405  322  238  223  854
  339]"
78,0.5,0.0,12.666666666666663,0.0,0.2105263157894737,0.0,"[ 589  591  543  138  237  935  341  578  850 1318  772  349 1316 1194
  214]","[ 995  471 1045  507  320  670  382  405    3  533  854  607 1152  429
  875]"
79,0.5,0.0,12.866666666666662,0.0,0.28571428571428575,0.0,"[ 544  199  556  360 1066  748  597  443 1379  327  568  670  708  600
 1002]","[ 471  995  670  507 1045  320  382    3  607  137  405 1146  854  533
 1152]"
80,0.2,0.0,12.933333333333328,0.0,0.1,0.0,"[ 544  748 1066  301 1317 1333 1113  606  482  981  600  199  592  251
  137]","[ 471  995  507 1045  670  320  382  137  405    3  533  854  875 1152
  607]"
81,0.3333333333333333,0.0,12.999999999999995,0.0,0.1111111111111111,0.0,"[ 714  598  876  795 1153  594  516  809  799  431  141  602 1143 1155
  755]","[ 471  995  507 1045  320  670  429  795  382    3  405  533  854 1152
  607]"
82,0.3333333333333333,0.0,13.133333333333328,0.0,0.19047619047619044,0.0,"[ 775  420   97  465  779  676  678  921  579  660  464  637  427 1080
 1339]","[ 995  471  507    3 1045  382  607  320  670  405  533  854  137 1152
  920]"
83,0.4,0.0,13.26666666666666,0.0,0.2,0.0,"[ 706  232  428  680  657  753 1275   27  826  898 1059  633   19  951
  919]","[ 471  995 1045  507  670  320  382    3  405  533  854  607 1152  875
  920]"
84,0.16666666666666666,0.0,13.399999999999993,0.0,0.14814814814814814,0.0,"[ 283  873  564  554  145  559  398 1213  623  435 1393  120 1307   98
  101]","[ 471  995  670 1045  507  382  320  405    3  875  533  854  607 1152
  619]"
85,0.0,0.0,13.399999999999993,0.0,0.0,0.0,"[ 795  602   84 1275 1287  876 1153  719  294 1155  526   88  610 1106
  431]","[ 995  471  382  507    3 1045  670  607  320  795  405  429  854  920
  533]"
86,0.3333333333333333,0.0,13.46666666666666,0.0,0.1111111111111111,0.0,"[ 755  801  544  600  545  280  599 1337  431  686 1112  199  251 1155
  188]","[ 995  471 1045  670  507  320  382  405    3  854  533  875  286  322
  607]"
87,0.0,0.0,13.46666666666666,0.0,0.0,0.0,"[ 334 1228   26  797  655  572  335 1364  569   71  439  899  326   72
  134]","[ 471  995    3  382  320 1045  507  670  533  854  322  405  607  875
  339]"
88,1.0,0.0,13.933333333333326,0.0,0.6363636363636364,0.0,"[ 617  616  548  613  622  614  615 1150  449 1291  355  302  618  510
  635]","[ 995  471  507 1045  320  405  670  533  382  619    3  854 1152  607
  429]"
89,0.5714285714285714,0.0,14.199999999999994,0.0,0.36363636363636365,0.0,"[ 752  803  433  205 1340  793  797  696  794  222  757  432  877  924
 1243]","[ 471  995  507  920    3 1045  382  670  607  320  405  879  854  533
   31]"
90,0.35714285714285715,0.0,14.533333333333328,0.0,0.3448275862068965,0.0,"[ 358  335   71 1364  457   72 1383 1187  798 1257  265  256  899   24
 1228]","[ 995  471    3  382 1045  320  670  507  854  533  607  322  405 1152
  339]"
91,0.3,0.0,14.733333333333327,0.0,0.24,0.0,"[ 252  799  610  503  316  925  526  879  780  431  440 1062  496  672
  520]","[ 471  995  507 1045  670  320  382    3  405  854  879  533  875 1152
  607]"
92,0.2857142857142857,0.0,14.999999999999995,0.0,0.2758620689655172,0.0,"[1247  758  810  681 1201  806  985  834  676 1252 1108 1360  249  461
  415]","[ 995  471  507 1045  670  320  382  429 1152  405    3  533  854  619
  137]"
93,1.0,0.0,15.133333333333328,0.0,0.23529411764705882,0.0,"[ 635  355  302   68  413  628  552  691  615 1230  617 1336  548  621
  185]","[ 995  471  670 1045  405  507  533  320  382    3  854  286 1152  137
 1146]"
94,0.38461538461538464,0.0,15.466666666666661,0.0,0.3571428571428571,0.0,"[1393  283  559  983  564 1161  662  524  438 1099  366  554 1395 1394
  398]","[ 471  995  670  320  533 1045  507  382    3  405  854 1152  607 1146
  429]"
95,0.6666666666666666,0.0,15.599999999999994,0.0,0.2222222222222222,0.0,"[ 564  662  283  554  623  873  120  123 1395  145 1213  295  566  524
 1393]","[ 995  471  670  507 1045  320  382  405    3  854  533 1152 1146  607
  619]"
96,0.2857142857142857,0.0,15.866666666666662,0.0,0.2758620689655172,0.0,"[ 637  701  775  779  699 1080  683  206  360  379  465   97  363 1222
  901]","[ 471  995  507    3 1045  382  607  320  670  405  920  854  533  137
 1152]"
97,0.0,0.0,15.866666666666662,0.0,0.0,0.0,"[ 286 1214  906  516  440  948  953 1373 1270  265 1001 1165 1006   38
  445]","[ 995  471 1045  507  670  320  382  405    3  286  533  854 1152  607
  137]"
98,0.3333333333333333,0.0,15.999999999999995,0.0,0.19047619047619044,0.0,"[ 238  638 1343  288  311 1393  895  919  182 1080 1211   10  717  712
  673]","[ 995  471  670 1045  507  320  382  405    3  533  854  607 1152  238
  429]"
99,0.4,0.0,16.13333333333333,0.0,0.2,0.0,"[ 153  715 1201 1379 1333  274   77  958   98  545  676  639   32  748
  461]","[ 995  471 1045  507  670  320  382    3  405  429  533  854  619  607
  137]"
100,0.4,0.0,16.399999999999995,0.0,0.32,0.0,"[1126 1122 1013  822 1131  760 1171  741 1052 1118  642  739 1172  823
  888]","[ 471  995  507 1045  670  320  382  854  405    3 1146 1030  875  533
  607]"
101,0.2857142857142857,0.0,16.533333333333328,0.0,0.18181818181818182,0.0,"[ 232   27  826  680  752  820  921 1048  760  801 1174 1119  460  593
 1075]","[ 995  471 1045  507  320  670  382    3  405  223  920  854  533  607
 1152]"
102,0.4,0.0,16.66666666666666,0.0,0.2,0.0,"[ 516 1001  286  910  660  834  998  728  774  948  497 1361  590 1165
 1006]","[ 471  995 1045  507  670  320  382    3  286  405  854  533  607 1152
  429]"
103,0.3333333333333333,0.0,16.733333333333327,0.0,0.1111111111111111,0.0,"[ 761 1127 1174  400  957  888  885 1048 1013  720  827 1052  739 1050
 1126]","[ 471  995  507 1045  670  320  382    3  405  533  854 1152 1146  607
  875]"
104,0.16666666666666666,0.0,16.799999999999994,0.0,0.09523809523809522,0.0,"[ 762  462   29  962 1055  644  744   95 1024  582  821  739 1178 1316
  828]","[ 995  471 1045  507  320  670  533  382  854  405    3 1152  607  875
  429]"
105,0.6666666666666666,0.0,17.06666666666666,0.0,0.3809523809523809,0.0,"[ 764  740  848  847  890 1172  846  887 1018  852  929  821  953  739
  886]","[ 995  471 1045  507  320  670  382  854  405    3  533  286 1152  607
  429]"
106,0.5,0.0,17.26666666666666,0.0,0.28571428571428575,0.0,"[ 908  847  764  890  594  740 1129  836  739  844  271  887 1044 1172
  935]","[ 471  995 1045  670  507  320  382  405    3  533  854 1152  607 1146
  137]"
107,0.375,0.0,17.466666666666658,0.0,0.26086956521739135,0.0,"[ 640  909  415  834   51  220 1051 1160  725 1146  137  100  722  202
  497]","[ 471  995 1045  670  507  137  320 1146  382  405  607    3  533  854
  429]"
108,0.75,0.0,17.866666666666656,0.0,0.5217391304347827,0.0,"[  75  726  884  866  768  883  881  640  720  909  411 1121  724  951
   96]","[ 995  471 1045  670  507  320  382  405    3  854  533 1152  607  429
  619]"
109,0.16666666666666666,0.0,17.933333333333323,0.0,0.09523809523809522,0.0,"[   5  711  859   31  158  658  864  391  606 1008  982  715 1066  137
  627]","[ 471  995  507 1045  320  670  533  382  137    3  405  854 1152  607
  875]"
110,0.0,0.0,17.933333333333323,0.0,0.0,0.0,"[ 424  412 1251  914 1398  915 1320  644 1020  957  334 1071   13 1013
  902]","[ 995  471 1045  382  507    3  670  320  854  405  533  607 1146 1152
 1030]"
111,0.5,0.0,18.19999999999999,0.0,0.3478260869565218,0.0,"[ 894  390  858 1008  202  856  391  658  859  593  948  857  766  627
  444]","[ 995  471 1045  507  320  670  382  875  405    3  533  854 1152 1030
  607]"
112,0.6666666666666666,0.0,18.33333333333332,0.0,0.2222222222222222,0.0,"[ 641  736  730  320 1370  734  735  424  733  155 1398  664  551  478
    2]","[ 995  471  320 1045    3  382  854  507  607  670  533  322  405 1152
  137]"
113,0.2,0.0,18.399999999999988,0.0,0.1,0.0,"[ 708  748  347  312  685 1066 1338 1290  503   14  411  567  815  971
 1381]","[ 471  995 1045  670  507  320  854  382  405 1152    3  137  533  607
  619]"
114,0.2,0.2,18.466666666666654,0.06666666666666667,0.1,0.1,"[1266  775  468  498  503  526  803  984 1340  433  895 1375  924  783
  923]","[ 471  995  507    3  382 1045  670  607  320  920  405  533  854  619
 1152]"
115,0.0,0.0,18.466666666666654,0.0,0.0,0.0,"[ 404  775    2  540  320 1273   97  494 1148   13   81 1283  379  349
  326]","[ 471  995  320  507    3  382 1045  670  607  533  405  875  854 1146
  322]"
116,0.16666666666666666,0.0,18.53333333333332,0.0,0.09523809523809522,0.0,"[ 384  605 1038   48 1218 1303 1110  423 1378  759 1192  698  701 1308
  428]","[ 471  995  382 1045  507  320  670    3  405  854  533  920 1152  607
  619]"
117,0.0,0.0,18.53333333333332,0.0,0.0,0.0,"[ 229  230  927 1255 1112  924 1285  205  432 1304  433  907 1115 1239
   60]","[ 471  995  670 1045  507  320  382    3  405  533  854  607 1146 1152
  875]"
118,0.5,0.0,18.666666666666654,0.0,0.2105263157894737,0.0,"[ 803 1062  923 1239 1243  610 1380  701 1112 1352  799 1075  360  432
  924]","[ 995  471  670  507 1045  320  382  137  405    3  875  854  533 1152
  607]"
119,0.5,0.0,18.73333333333332,0.0,0.11764705882352941,0.0,"[ 926  744  827  739 1055 1371 1362  971  928 1133  821 1024  324  533
 1053]","[ 995  471  533 1045  507    3  670  320  382  405  854 1152  286  607
  875]"
120,0.5,0.1,19.066666666666652,0.06666666666666667,0.4,0.08,"[ 885 1052  739  887  957  888  886 1174   31  400 1013 1146  642 1131
  827]","[ 471  995 1146  507  320 1045   31  670  405  382  854    3  533  607
 1152]"
121,0.375,0.125,19.26666666666665,0.06666666666666667,0.26086956521739135,0.08695652173913045,"[ 888  400  957  885 1131  739 1013  827 1052 1174  642  887  935 1017
  760]","[ 471  995  507 1045 1146  670  320  382  875    3  405 1030  854  533
   31]"
122,0.3,0.1,19.46666666666665,0.06666666666666667,0.24,0.08,"[ 898  743 1070  938  931  841  826  889 1287  930 1052 1119  284 1145
 1171]","[ 995  471  507 1045  670  320  619  382  898  854    3  286  405 1146
  533]"
123,0.0,0.0,19.46666666666665,0.0,0.0,0.0,"[ 775   34  660  607  379   97  404 1221  439 1222  227 1275  984   18
  310]","[ 995  471  507    3  607  382 1045  320  670  405  533  854 1146 1152
  920]"
124,0.2,0.0,19.533333333333317,0.0,0.1,0.0,"[1153  941 1080 1287  898  602  404  109  222  598  516  494  795  918
  625]","[ 995  471  320  507    3  670 1045  382  619 1146  607  533  854  898
  405]"
125,0.16666666666666666,0.05555555555555555,19.733333333333317,0.06666666666666667,0.1818181818181818,0.0606060606060606,"[1195  997  993  610  176  216  772  188  695  173  775  984  131  243
 1083]","[ 471  995 1045  507  670    3  382  607  320  920  405  137  854  875
  533]"
126,0.2222222222222222,0.0,19.86666666666665,0.0,0.16666666666666669,0.0,"[ 397 1326  974 1095  773 1265  389 1083 1288 1237  368  125 1169  338
  254]","[ 995  471  507 1045  670  320  382    3  405  854  875  533 1152  607
  619]"
127,0.5,0.0,20.06666666666665,0.0,0.28571428571428575,0.0,"[ 981 1073  585   28  869  944 1317  499  637 1382  399  654    5 1370
  164]","[ 995  471  507  320  670 1045  382    3  405  533  854 1152  607  875
  429]"
128,0.6666666666666666,0.0,20.19999999999998,0.0,0.2222222222222222,0.0,"[ 429  945 1063  834  193  264  435  114  292  578 1385   12  430  301
  985]","[ 995  471  429  670 1045  507  320  382    3  405  223  533  854  619
  607]"
129,0.5,0.0,20.466666666666647,0.0,0.3478260869565218,0.0,"[ 945  987  775  404  507  341    4  941  377  988 1245  984 1182 1081
  352]","[ 995  471  507  382    3 1045  670  607  320  854  405  533  429 1152
  619]"
130,0.6666666666666666,0.0,20.733333333333313,0.0,0.3809523809523809,0.0,"[ 859  856  391 1008  766  202  864   66    5  658  390  606  729  858
  753]","[ 995  471 1045  507  670  320  533  382    3  405  137  854  607 1152
  879]"
131,0.5555555555555556,0.0,21.066666666666645,0.0,0.4166666666666667,0.0,"[1021  950 1023 1026 1028  871 1017 1014  952 1015 1013  866 1012  443
 1025]","[ 995  471  507 1045  320  670  382  405    3  854  533 1152  607  619
  875]"
132,0.5625,0.0,21.666666666666647,0.0,0.5806451612903225,0.0,"[1026 1013 1017 1021 1023  400 1015 1014 1028  957  951 1012  950  871
  642]","[ 471  995 1045  507  320  670  382  405    3 1152 1146  533  854 1030
  607]"
133,0.25,0.0,21.79999999999998,0.0,0.1739130434782609,0.0,"[1026 1013 1023  951 1017 1028 1015 1014  957 1021 1012  935  950  871
  760]","[ 471  995 1045  670  507  320  382    3 1152 1146  405  533  854  607
  137]"
134,0.6666666666666666,0.0,21.933333333333312,0.0,0.2222222222222222,0.0,"[1013  951 1012 1028 1014 1015 1021 1026 1023  935 1020 1017  760 1174
  823]","[ 995  471 1045  507  320  670  619  382  405    3 1146  854  533  286
  607]"
135,0.5555555555555556,0.0,22.266666666666644,0.0,0.4166666666666667,0.0,"[1013 1026 1017  951 1020 1021 1023  935  823 1029 1014 1028 1015  760
 1016]","[ 995  471 1045  670  507 1146  320  619  382 1030  286  405    3  533
  854]"
136,0.5,0.0,22.399999999999977,0.0,0.2105263157894737,0.0,"[ 891 1013 1026  951 1125 1021  957 1023 1145 1020 1017 1033  400 1015
  823]","[ 471  995  507 1045  670    3  320  619  382  405 1146  854  533  607
 1152]"
137,0.6,0.0,22.599999999999977,0.0,0.3,0.0,"[ 952 1026 1021 1028 1023  871 1013 1034 1014 1015 1017 1025 1012 1024
 1032]","[ 995  471 1045  507  382  320  670  533  405  607    3 1152  854 1146
 1030]"
138,0.3333333333333333,0.0,22.666666666666643,0.0,0.1111111111111111,0.0,"[ 743  889  885  870  854  765  826  953  841 1122  908  740  954  910
  887]","[ 471  995  854  507 1045  670  320  382  405    3  533 1152  286 1146
  607]"
139,0.0,0.0,22.666666666666643,0.0,0.0,0.0,"[ 841 1171  743  826 1070  846  934 1119  971 1122  955 1071  889  926
  891]","[ 471  995 1045  382  854  507  670    3  320  533  405 1306  607  286
 1152]"
140,0.2857142857142857,0.0,22.799999999999976,0.0,0.18181818181818182,0.0,"[ 954  885  769  870  890  400 1038  819  854 1362 1178  765  580   29
 1146]","[ 995  471  507 1045  320  670  854  382    3  405  533  607 1152 1146
  429]"
141,0.14285714285714285,0.0,22.866666666666642,0.0,0.09090909090909091,0.0,"[ 843  334  902  570   62  797  300  954 1251   26  160  989  400  521
  853]","[ 995  471 1045  507  320  670  382  854    3  405  533 1146  607 1152
  429]"
142,0.5,0.0,22.93333333333331,0.0,0.11764705882352941,0.0,"[ 954 1125  891  885  934  765 1227   76 1171  423  740 1067  890 1133
 1156]","[ 471  995 1045  507  854    3  670  320  382  405  533 1152 1146  607
  429]"
143,0.6666666666666666,0.0,23.06666666666664,0.0,0.2222222222222222,0.0,"[1043 1044  930 1052  889  826  843 1051 1174  300 1360 1118  743  195
 1045]","[ 471  995 1045  507  854  670  320  382  405    3  533  607 1146 1152
  137]"
144,0.7142857142857143,0.14285714285714285,23.399999999999974,0.06666666666666667,0.4545454545454545,0.09090909090909091,"[1045  763  839 1046 1359  846 1176 1116  838 1118 1177 1146  955 1283
  928]","[ 995  471 1045  533 1146  507    3  320  670  382 1176  854  405 1152
  607]"
145,0.5,0.125,23.66666666666664,0.06666666666666667,0.3478260869565218,0.08695652173913045,"[1045  839 1051  763 1046 1118 1176 1359  411  866 1146  838 1121  950
 1116]","[ 471  995 1045  670  507 1146  320  382  533    3  405  854  137 1152
  286]"
146,1.0,0.3333333333333333,23.86666666666664,0.06666666666666667,0.33333333333333337,0.1111111111111111,"[1045  839  840  763 1118 1176 1359  928 1046 1146 1122   27  801  232
  955]","[ 471  995 1045  507 1146  320  670  854  382  533    3  405 1152  607
  875]"
147,0.2727272727272727,0.0,24.066666666666638,0.0,0.23076923076923075,0.0,"[ 956 1050 1128  850 1171  931 1119 1357 1359 1084 1046  290 1358 1172
  851]","[ 995  471 1045  507  320    3  670  533  854  382 1146  405 1357  286
  607]"
148,0.2857142857142857,0.14285714285714285,24.19999999999997,0.06666666666666667,0.18181818181818182,0.09090909090909091,"[1048  827 1118 1126   27 1174 1359  956  951  763  928  739  926  761
 1013]","[ 995  471 1045  507  533 1146  320  670  382  405    3  854  875 1048
 1152]"
149,0.5833333333333334,0.0,24.666666666666636,0.0,0.5185185185185186,0.0,"[1070  930 1052 1051 1059 1043 1360  743 1068  826  931  937 1058  936
  395]","[ 471  995 1045  507  320  670  854  382  405    3  533  619 1152  607
  875]"
150,1.0,0.0,24.866666666666635,0.0,0.33333333333333337,0.0,"[1062 1074 1075 1239 1243 1202  430  433  205  432  924 1108  687  689
  814]","[ 995  471  670  507 1045  920  429  320  382 1152    3  405  533  223
  854]"
151,0.16666666666666666,0.0,24.9333333333333,0.0,0.09523809523809522,0.0,"[ 783  696 1340 1133  924  473  432  752 1090  794  923  891 1062  433
 1246]","[ 471  995 1045  507  320    3  670  382  405  920  619  533  854  607
 1152]"
152,0.14285714285714285,0.0,24.999999999999968,0.0,0.09090909090909091,0.0,"[ 671 1225  335    3   76  569  899   24  696  376   72 1382  326 1383
 1366]","[ 995  471    3  382  320 1045  507  670  854  405  607  339  920  533
  286]"
153,0.375,0.0,25.199999999999967,0.0,0.26086956521739135,0.0,"[ 394 1081  850  936  300  956 1088  341 1063  851 1240  323 1085  149
 1061]","[ 995  471 1045  507  670    3  320  382  854  405  533 1152  607  853
  875]"
154,0.6666666666666666,0.0,25.3333333333333,0.0,0.2222222222222222,0.0,"[1055  111 1054 1087  863 1088 1240  945 1086  367  850 1366  451  470
  936]","[ 471  995  507 1045    3  670  320  854  382  405  533  619  607 1152
  853]"
155,0.42857142857142855,0.0,25.5333333333333,0.0,0.27272727272727276,0.0,"[ 804 1101 1099  810 1169  553 1163  806 1299  574 1147  275   77 1097
 1100]","[ 995  471  507 1045  670  320  382  405    3  533  854 1152  607  619
  429]"
156,0.2,0.0,25.7333333333333,0.0,0.20000000000000004,0.0,"[ 906 1025  761 1103  534  185  403 1099 1214  818  718 1160 1100 1340
  879]","[ 995  471 1045  507  320  670  382    3  405  854  533  607 1152  429
  875]"
157,0.175,0.025,26.199999999999964,0.06666666666666667,0.2545454545454546,0.03636363636363636,"[ 498 1006  318  161   34  372 1391   25  456  979  493  626   97  571
  268]","[ 995  471  507  670    3  320  607  382 1045  161  405  920  854  533
  322]"
158,0.3333333333333333,0.0,26.399999999999963,0.0,0.25,0.0,"[ 302  949  552 1230  463 1199  355  628  630 1269  635  328  586  259
 1010]","[ 995  471  405  507 1045  320  670  533  429  382    3  854  607 1152
  223]"
159,0.2222222222222222,0.0,26.533333333333296,0.0,0.16666666666666669,0.0,"[1112 1197 1066  801  432  803  599  106   25  908 1239 1301 1259  192
 1243]","[ 471  995  670  507 1045  320  382    3  137  405  533  875  854  607
 1152]"
160,0.16666666666666666,0.0,26.599999999999962,0.0,0.09523809523809522,0.0,"[ 890  885 1071  400  739  740 1172  887 1145  769  957  888  926 1126
  886]","[ 995  471 1146  854  507 1045  670  320    3  853  382  405 1030 1357
  533]"
161,0.2857142857142857,0.0,26.733333333333295,0.0,0.18181818181818182,0.0,"[1386 1185  145  406  959  435  283 1366  135  564  364 1192  559   54
  873]","[ 995  471  670  320  382    3 1045  507  533  854  607  405  920  619
 1152]"
162,0.2222222222222222,0.0,26.866666666666628,0.0,0.16666666666666669,0.0,"[ 457  406  461   62  489   16  365 1383   55  135 1149 1385  366  477
  292]","[ 995  471  320  382  507    3 1045  670  533  854  405  607  920 1152
  429]"
163,0.5,0.0,26.99999999999996,0.0,0.2105263157894737,0.0,"[ 492 1231  354  373  359   48 1347   56 1186  327 1077  947  675  626
  248]","[ 471  995  670 1045  507  320  619  382    3  322  405  854  533  286
 1152]"
164,0.3333333333333333,0.0,27.19999999999996,0.0,0.25,0.0,"[ 358  335   71 1364  457 1383   72  798  256  899   24 1225  376  291
  329]","[ 471  995    3  382  320 1045  507  670  533  854  607  322  405  339
 1152]"
165,0.6666666666666666,0.0,27.333333333333293,0.0,0.2222222222222222,0.0,"[  72  376   71  671 1220  335  256 1383  899  569   24 1225  326  134
    3]","[ 471  995    3  382  320 1045  507  670  854  405  607  533 1152  339
  322]"
166,0.2222222222222222,0.0,27.466666666666626,0.0,0.16666666666666669,0.0,"[ 935  256  504 1220  569  304   72   64  271  207  329  568 1364   24
  273]","[ 471  995 1045    3  670  382  507  286  320  619  405 1146  533  854
  137]"
167,0.0,0.0,27.466666666666626,0.0,0.0,0.0,"[  28  537 1087 1043 1158 1081 1193  201  323  750  553  477  360 1157
   84]","[ 995  471  320  670 1045  507  382  429    3  405  533  854  607 1152
  223]"
168,0.3333333333333333,0.0,27.533333333333292,0.0,0.1111111111111111,0.0,"[ 404  379  160  118  965  775  410   34 1182  990  217    4  527 1148
 1354]","[ 995  471  320  507    3 1045  382  607  670  533  405  322  854 1152
  920]"
169,0.6,0.0,27.73333333333329,0.0,0.3,0.0,"[ 965  217  990  118  750  257  341  160  157  404 1187 1354  942  656
  985]","[ 471  995  320  507    3 1045  382  607  670  533  322  405  854  619
  920]"
170,0.7142857142857143,0.14285714285714285,28.066666666666624,0.06666666666666667,0.4545454545454545,0.09090909090909091,"[ 238  139  905  893 1082  904  239 1256  175 1191 1004    9  315 1033
 1395]","[ 995  471  238  670  507 1045  320  382  405 1152    3  223  533  854
  607]"
171,1.0,0.0,28.33333333333329,0.0,0.4210526315789474,0.0,"[ 431  516  141  252  358  812 1066  556  608 1391 1155 1153  755  994
  513]","[ 471  995  670  507 1045  320  382    3  405  854  875  429  533 1152
  607]"
172,0.8,0.4,28.599999999999955,0.13333333333333333,0.4,0.2,"[ 320  527  478  322  734  321  366  155  457 1382  255 1235  394 1370
  934]","[ 995  471  320  322    3 1045  533  507  382  670  854  405  607  286
 1152]"
173,1.0,0.0,28.799999999999955,0.0,0.33333333333333337,0.0,"[ 532  451  367 1240 1192  931  945  936  956  783  850  290  206   50
  473]","[ 471  995  507 1045    3  670  320  854  382  405  619  875  533  286
 1152]"
174,0.16666666666666666,0.16666666666666666,28.86666666666662,0.06666666666666667,0.09523809523809522,0.09523809523809522,"[ 483 1274  190 1319  501 1314 1313  178 1157 1203  411 1312 1156   69
 1389]","[ 995  471  533  507 1045  670  320  382    3  405  854  875  607 1152
  429]"
175,0.3333333333333333,0.0,28.999999999999954,0.0,0.19047619047619044,0.0,"[ 139  238  941 1082 1080  666  965  775  315 1394 1256    9 1078  222
  660]","[ 471  995  507    3  607  670 1045  382  320  238 1152  405  223  533
  854]"
176,0.25,0.0,29.133333333333287,0.0,0.1739130434782609,0.0,"[ 542    5  981  586  160  985    6 1073  963  181  570  707  944 1395
  872]","[ 995  471  670 1045  507  320  382    3  405  533  854 1152  607  429
  875]"
177,0.5,0.0,29.333333333333286,0.0,0.28571428571428575,0.0,"[ 543  590  588 1102 1034  576  911  168  846 1177 1089  216 1354  311
  764]","[ 995  471 1045  507  320  670  382    3  405  854  533 1152  607  429
  619]"
178,0.4,0.0,29.46666666666662,0.0,0.2,0.0,"[1171  741  938 1131  591  341  888 1116  762 1126  590  592  642  850
  940]","[ 995  471 1045  507  670  320  382    3  405  854  533  607 1152 1146
  619]"
179,0.2,0.0,29.533333333333285,0.0,0.1,0.0,"[ 680  706  232   27  930  951  826  194  921  752  467 1174 1048  829
  122]","[ 471  995 1045  854  507  320  670  920  382  405    3  533  223  137
  286]"
180,0.5,0.125,29.79999999999995,0.06666666666666667,0.3478260869565218,0.08695652173913045,"[ 616  622  617  613  548  716  614  218  969  874  314  882 1166 1348
 1103]","[ 995  471 1045  507  320  670  382    3  405  854  533  619  607 1152
  875]"
181,0.16666666666666666,0.0,29.866666666666617,0.0,0.09523809523809522,0.0,"[ 997  695  993 1195  176  519 1350  177 1349  243  991 1292  697  245
  173]","[ 471  995 1045  507  320  670  382    3  405  854  875  533  429  920
  607]"
182,0.6666666666666666,0.0,29.99999999999995,0.0,0.2222222222222222,0.0,"[ 685  634 1338  797  593 1300  334  440  793  655  285 1339  572   26
  902]","[ 471  995 1045  507  320  670  382    3  405 1152  854  533  875  607
  879]"
183,0.07142857142857142,0.0,30.066666666666617,0.0,0.0689655172413793,0.0,"[  39   88  409 1311  106 1142  809  268  849  157  590 1332 1302  227
  309]","[ 995  471  507 1045  320  670  382  405    3  533  854  607 1152  619
  875]"
184,0.125,0.0,30.133333333333283,0.0,0.08695652173913045,0.0,"[ 813   82 1000  992  982  509 1346 1345 1048  184  164 1348   27 1207
   67]","[ 995  471  507 1045  320  670  382    3  607  405  533  854 1146 1152
  875]"
185,0.8,0.0,30.666666666666618,0.0,0.64,0.0,"[ 856  858  857  391 1008  948  658  202  859  766  878  390  627  753
   15]","[ 471  995 1045  670  507  320  382    3  405 1152  854  533  607 1146
  286]"
186,0.23529411764705882,0.0,30.933333333333284,0.0,0.25,0.0,"[ 803 1239 1243 1062 1075  433  610  923  432  775 1273  924  252  531
  205]","[ 995  471  507    3  670  382 1045  320  607  920  405  533  854  875
 1152]"
187,0.14285714285714285,0.14285714285714285,30.99999999999995,0.06666666666666667,0.09090909090909091,0.09090909090909091,"[1070 1052  743  841 1171  887  739  926  885  957  889  891 1071 1227
  934]","[ 995  471  854  507  382 1045    3  320  670  533  405  875  607 1306
 1146]"
188,0.25,0.0,31.19999999999995,0.0,0.22222222222222224,0.0,"[ 640  725  497  220 1160 1146  137  909  836  950  954  113  767 1039
  209]","[ 995  471 1045  670  507  320  137 1146  382    3  405  607  533  854
 1152]"
189,0.3,0.0,31.39999999999995,0.0,0.24,0.0,"[ 768  833  870  767  783  640  883 1146  980  581  881  868  301 1362
 1178]","[ 471  995  507 1045 1146  670  405  320  382    3  619  429  533  854
  607]"
190,0.5,0.0,31.599999999999948,0.0,0.28571428571428575,0.0,"[ 390 1339   15  856  858  391  202  627 1008  723 1111   52  948  658
  895]","[ 471  995 1045  507  670  320  382    3  405  533  854  619 1152  607
  875]"
191,0.6428571428571429,0.0,32.199999999999946,0.0,0.6206896551724138,0.0,"[ 858  856  391  948  658  859  202  857 1008  766  627  908   15  593
  390]","[ 995  471  670 1045  507  320  382    3  405  854  533  607 1152  429
  619]"
192,0.8,0.0,32.46666666666661,0.0,0.4,0.0,"[ 735  641  647  875  734  648  215 1202 1175 1176  745 1069  551  733
  388]","[ 995  471  507 1045  320  670  382  875  405    3  854  533  607 1152
  619]"
193,0.7,0.0,32.93333333333328,0.0,0.56,0.0,"[ 730  733  736  422  644  735  425  641  424 1398 1392  104  551  181
  454]","[ 471  995 1045  507  382    3  670  320  854  405  533 1152  137  607
 1030]"
194,0.5714285714285714,0.0,33.199999999999946,0.0,0.36363636363636365,0.0,"[ 642  888 1131  744  885  741  823  760  957 1017  739  400  932  827
 1171]","[ 471  995  320  382 1045  507  670 1146 1293  533  405    3  854  619
   31]"
195,0.5,0.0,33.33333333333328,0.0,0.2105263157894737,0.0,"[ 642 1055  831 1054 1131  739 1171 1294  744  320  627  932   28 1148
  887]","[ 471  995  320 1045  507  533  382  670 1293    3  405 1146  854  485
 1152]"
196,0.0,0.07692307692307693,33.33333333333328,0.06666666666666667,0.0,0.07142857142857144,"[ 326  404  442 1337  799  550  444    2  610 1279 1273  892 1367  775
  657]","[ 995  471  320  507    3 1045  382  875  607  670  533  405  854 1030
  322]"
197,1.0,0.0,33.599999999999945,0.0,0.4210526315789474,0.0,[884 768 881 726 292 723 454 473 883 945 234 122 264 193 783],"[ 471  995  507 1045  320  670  382  405    3  533  854  619 1152  607
  223]"
198,0.4,0.0,33.73333333333328,0.0,0.2,0.0,"[ 889 1052  743  739 1174  885  741  886  826  887  760  957  334  765
 1070]","[ 995  471  320  854 1045  507  670  382    3  405  875  533 1152 1030
 1146]"
199,0.3333333333333333,0.0,33.93333333333328,0.0,0.25,0.0,"[1055 1362  739 1294  930 1059   19 1054  931 1070  744 1058  827  833
  451]","[ 471  995  507 1045  320  670  533  382    3  405  854  607 1152  875
  619]"
200,0.5,0.0,34.06666666666661,0.0,0.2105263157894737,0.0,"[1052  885  400 1087 1071 1134  739 1070 1174  677  957  851  889  580
  461]","[ 995  471  320  854  507 1045  670  382  405    3 1146  533  607 1152
  429]"
201,0.23529411764705882,0.0,34.33333333333328,0.0,0.25,0.0,"[ 625  982 1253 1295 1379  274 1346  401  541 1345  537  958 1006  410
  164]","[ 995  471  670  507 1045  320  382  405    3  533  854 1152  607  429
  875]"
202,0.2,0.0,34.53333333333328,0.0,0.20000000000000004,0.0,"[1285  568  359  932 1310  360  232  820  925  327  225  814  708 1002
  411]","[ 471  995  670  320  507 1045  382  405    3  223  533  854 1152  607
  920]"
203,0.13333333333333333,0.06666666666666667,34.666666666666615,0.06666666666666667,0.13333333333333333,0.06666666666666667,"[ 482 1306  225  359 1087  932 1206  677  122  940  676  336  648   38
  814]","[ 471  995 1045  507    3  670  320  382  405  854  533  607 1306 1152
  429]"
204,0.0,0.0,34.666666666666615,0.0,0.0,0.0,"[1227  971  513 1229  310 1080  174  573  514  308  139 1378 1352  525
 1133]","[ 471  995  507 1045    3  670  320  382  405  854  875  533  607 1152
  429]"
205,0.0,0.0,34.666666666666615,0.0,0.0,0.0,"[  72  376 1260  899  335  457  406 1383   24  134 1225   71  381 1366
  336]","[ 471  995    3  382  320  507 1045  670  854  607  405  533  322 1152
  339]"
206,0.25,0.0,34.733333333333285,0.0,0.10526315789473685,0.0,"[ 598 1290 1121  411  856  866  876   96  295  879  781 1204 1153  839
  753]","[ 471  995 1045  670  507  320  854  879  382    3  405  533  429  607
  137]"
207,0.6666666666666666,0.16666666666666666,34.99999999999995,0.06666666666666667,0.3809523809523809,0.09523809523809522,"[1341  749  593 1290  202  859 1338  391  856  747 1008  766  858  878
 1339]","[ 471  995 1045  507  320  670  382    3  405  619  854  533 1152  607
  879]"
208,0.5714285714285714,0.0,35.266666666666616,0.0,0.36363636363636365,0.0,"[1291 1344 1345  163 1380  749 1266  678  994  650 1342  624  279  357
  991]","[ 471  995  507 1045  670  320  533  382  137    3  405  854  286 1152
  607]"
209,0.07692307692307693,0.0,35.333333333333286,0.0,0.07142857142857144,0.0,"[  72 1225 1383 1241  271 1263   24  671  899  376  458  335  339   16
    3]","[ 995  471    3  382  320  507 1045  670  854  607  339  405  533  271
  322]"
210,0.14285714285714285,0.0,35.399999999999956,0.0,0.09090909090909091,0.0,"[ 739  743  957 1070 1052 1125  642  885  831 1117  887  891  889 1119
 1067]","[ 995  471 1045  507  854    3  320  670  382  405  533 1152  607 1146
  429]"
211,0.25,0.0,35.59999999999996,0.0,0.22222222222222224,0.0,"[ 739  885  957 1125  891 1055  887 1071 1145 1171  926  740  831 1174
 1117]","[ 995  471 1045  507  320    3  670  854  382  405  533  875 1152  607
 1146]"
212,0.4666666666666667,0.13333333333333333,36.06666666666663,0.13333333333333333,0.4666666666666667,0.13333333333333333,"[1178 1176 1146  870 1177  885 1359  954  888 1173 1070 1133  838 1129
 1116]","[ 995  471 1045 1146  507  405  670  320  854  533  382 1176    3  607
  286]"
213,0.4166666666666667,0.08333333333333333,36.39999999999996,0.06666666666666667,0.3703703703703704,0.07407407407407407,"[ 888  885 1131  741  642  887 1173 1126   23 1171  105 1146  937 1117
  787]","[ 471  995  382  507 1045  670 1146  320  405    3  533  854  286  607
 1152]"
214,0.4,0.0,36.533333333333296,0.0,0.2,0.0,"[1294  828 1362  739 1055   47  848  852 1054  764  831 1044  648 1014
   92]","[ 471  995  507 1045  670  320  382  405    3  854  619  533 1152  607
  875]"
215,0.3333333333333333,0.0,36.599999999999966,0.0,0.1111111111111111,0.0,"[ 775  535   25  984 1391 1273 1198  401  660  310 1377  666  379   97
 1253]","[ 995  471    3  507  607  382  670 1045  320  533  405  920  854  322
 1152]"
216,0.0,0.0,36.599999999999966,0.0,0.0,0.0,"[  64 1227 1156  370  675  692  423 1382  605  569 1090   39  525  626
 1166]","[ 471  995  507 1045    3  320  670  382  405  533  854 1146  607 1152
 1276]"
217,0.0,0.0625,36.599999999999966,0.06666666666666667,0.0,0.06451612903225808,"[ 324  523  323 1151 1179 1274  946 1319  369 1157 1239   25 1247 1112
  803]","[ 995  471  670 1045  507  320  382  533    3  405  854  322  286  607
 1152]"
218,0.1875,0.0,36.79999999999997,0.0,0.19354838709677422,0.0,"[1393  554 1395  670  283  564  295  666  566  662  623  873  120 1394
  145]","[ 995  471  670 1045  507  320  382  405    3  533  854  607 1152  875
  429]"
219,0.10526315789473684,0.0,36.9333333333333,0.0,0.11764705882352941,0.0,"[1082 1078  668  710 1354  530  604  965   97  179  775  315  188 1394
  657]","[ 995  471  507  607    3 1045  382  670  320  405  533  875  854 1152
  137]"
220,0.05,0.0,36.99999999999997,0.0,0.05714285714285715,0.0,"[   4 1182  309  326  540 1302    3  579  404  629  775  310  562    2
 1241]","[ 471  995    3  382  507 1045  670  320  607  854  405  533 1152  322
  429]"
221,0.05263157894736842,0.0,37.06666666666664,0.0,0.058823529411764705,0.0,"[ 388 1386  404 1283  310    3  491  498  984 1227   97  775  186  569
 1010]","[ 471  995    3  320  507  382 1045  607  670  533  405  854  875 1152
  322]"
222,0.4,0.0,37.33333333333331,0.0,0.32,0.0,"[ 400 1130 1399 1400  888 1048 1070  419  393 1357 1050   31 1176 1358
  484]","[ 995  471  507 1045    3  670  320  382  854  405 1357  533  607 1146
 1152]"
223,0.4,0.0,37.46666666666664,0.0,0.2,0.0,"[ 400  484 1399 1400  393 1387 1244  388  943  419   65 1048 1357 1037
 1358]","[ 471  995    3  854  507 1045  320  670  382 1357  405  875  533  607
 1146]"
224,0.4444444444444444,0.0,37.733333333333306,0.0,0.33333333333333337,0.0,"[1312 1157  317 1313  329  656 1316 1257 1314  178 1158 1315  575 1230
  537]","[ 995  471  670 1045  507  320  405  533  382    3  854  223 1152  607
  429]"
225,0.16,0.0,37.99999999999997,0.0,0.2,0.0,"[1380 1188 1291 1124  638 1345 1344  279  235  225  431  701   77 1256
  368]","[ 471  995 1045  507  670  320  382  405    3  920  854  429  533 1152
  607]"
